{
  "prepare_queue": {
    "installed": [],
    "uninstalled": []
  },
  "config_munge": {
    "files": {
      "app/src/main/AndroidManifest.xml": {
        "parents": {
          "/manifest/application": [
            {
              "xml": "<application android:largeHeap=\"true\" android:networkSecurityConfig=\"@xml/network_security_config\" android:usesCleartextTraffic=\"true\" />",
              "count": 1,
              "mode": "merge",
              "id": "config.xml",
              "oldAttrib": {
                "android:hardwareAccelerated": "true",
                "android:icon": "@mipmap/ic_launcher",
                "android:label": "@string/app_name",
                "android:largeHeap": "true",
                "android:networkSecurityConfig": "@xml/network_security_config",
                "android:supportsRtl": "true",
                "android:usesCleartextTraffic": "true"
              }
            }
          ]
        }
      },
      "*-Info.plist": {
        "parents": {
          "NSCameraUsageDescription": [
            {
              "xml": "<string>Allow the app to use your camera</string>",
              "count": 15
            }
          ]
        }
      },
      "AndroidManifest.xml": {
        "parents": {
          "/*": [
            {
              "xml": "<uses-permission android:name=\"android.permission.WRITE_EXTERNAL_STORAGE\" />",
              "count": 5
            },
            {
              "xml": "<uses-permission android:name=\"android.permission.ACCESS_COARSE_LOCATION\" />",
              "count": 1
            },
            {
              "xml": "<uses-permission android:name=\"android.permission.ACCESS_FINE_LOCATION\" />",
              "count": 1
            },
            {
              "xml": "<uses-feature android:name=\"android.hardware.location.gps\" />",
              "count": 1
            },
            {
              "xml": "<uses-permission android:name=\"android.permission.INTERNET\" />",
              "count": 1
            },
            {
              "xml": "<uses-permission android:name=\"android.permission.ACCESS_NETWORK_STATE\" />",
              "count": 3
            },
            {
              "xml": "<uses-permission android:name=\"android.permission.BLUETOOTH\" />",
              "count": 1
            }
          ],
          "application": [
            {
              "xml": "<provider android:authorities=\"${applicationId}.provider\" android:exported=\"false\" android:grantUriPermissions=\"true\" android:name=\"org.apache.cordova.camera.FileProvider\"><meta-data android:name=\"android.support.FILE_PROVIDER_PATHS\" android:resource=\"@xml/camera_provider_paths\" /></provider>",
              "count": 1
            }
          ],
          "/manifest": [
            {
              "xml": "<uses-feature android:name=\"android.hardware.camera\" android:required=\"true\" />",
              "count": 1
            },
            {
              "xml": "<uses-feature android:name=\"android.hardware.camera.autofocus\" android:required=\"false\" />",
              "count": 1
            },
            {
              "xml": "<uses-permission android:name=\"android.permission.CAMERA\" />",
              "count": 1
            }
          ],
          "/manifest/application": [
            {
              "xml": "<activity android:name=\"com.cordovaplugincamerapreview.CameraActivity\" android:screenOrientation=\"portrait\" android:theme=\"@style/CameraPreviewTheme\" />",
              "count": 1
            },
            {
              "xml": "<provider android:authorities=\"${applicationId}.sharing.provider\" android:exported=\"false\" android:grantUriPermissions=\"true\" android:name=\"nl.xservices.plugins.FileProvider\"><meta-data android:name=\"android.support.FILE_PROVIDER_PATHS\" android:resource=\"@xml/sharing_paths\" /></provider>",
              "count": 1
            },
            {
              "xml": "<meta-data android:name=\"launchnavigator.GOOGLE_API_KEY\" android:value=\"AIzaSyCePxz4wA_knfjvNBhV0RKzrySsf4o8QFU\" />",
              "count": 1
            }
          ],
          "/*/application": [
            {
              "xml": "<receiver android:enabled=\"true\" android:name=\"nl.xservices.plugins.ShareChooserPendingIntent\"><intent-filter><action android:name=\"android.intent.action.SEND\" /></intent-filter></receiver>",
              "count": 1
            }
          ]
        }
      },
      "res/xml/config.xml": {
        "parents": {
          "/*": [
            {
              "xml": "<feature name=\"Base64ToGallery\"><param name=\"android-package\" value=\"it.nexxa.base64ToGallery.Base64ToGallery\" /></feature>",
              "count": 1
            },
            {
              "xml": "<feature name=\"ActionSheet\"><param name=\"android-package\" value=\"nl.xservices.plugins.actionsheet.ActionSheet\" /></feature>",
              "count": 1
            },
            {
              "xml": "<feature name=\"Camera\"><param name=\"android-package\" value=\"org.apache.cordova.camera.CameraLauncher\" /></feature>",
              "count": 1
            },
            {
              "xml": "<feature name=\"CameraPreview\"><param name=\"android-package\" value=\"com.cordovaplugincamerapreview.CameraPreview\" /><param name=\"onload\" value=\"true\" /></feature>",
              "count": 1
            },
            {
              "xml": "<feature name=\"DatePickerPlugin\"><param name=\"android-package\" value=\"com.plugin.datepicker.DatePickerPlugin\" /></feature>",
              "count": 1
            },
            {
              "xml": "<feature name=\"Device\"><param name=\"android-package\" value=\"org.apache.cordova.device.Device\" /></feature>",
              "count": 1
            },
            {
              "xml": "<feature name=\"Notification\"><param name=\"android-package\" value=\"org.apache.cordova.dialogs.Notification\" /></feature>",
              "count": 1
            },
            {
              "xml": "<feature name=\"File\"><param name=\"android-package\" value=\"org.apache.cordova.file.FileUtils\" /><param name=\"onload\" value=\"true\" /></feature>",
              "count": 1
            },
            {
              "xml": "<allow-navigation href=\"cdvfile:*\" />",
              "count": 1
            },
            {
              "xml": "<feature name=\"FileTransfer\"><param name=\"android-package\" value=\"org.apache.cordova.filetransfer.FileTransfer\" /></feature>",
              "count": 1
            },
            {
              "xml": "<feature name=\"Geolocation\"><param name=\"android-package\" value=\"org.apache.cordova.geolocation.Geolocation\" /></feature>",
              "count": 1
            },
            {
              "xml": "<feature name=\"InAppBrowser\"><param name=\"android-package\" value=\"org.apache.cordova.inappbrowser.InAppBrowser\" /></feature>",
              "count": 1
            },
            {
              "xml": "<feature name=\"NativeGeocoder\"><param name=\"android-package\" value=\"cordova.plugin.nativegeocoder.NativeGeocoder\" /></feature>",
              "count": 1
            },
            {
              "xml": "<feature name=\"NetworkStatus\"><param name=\"android-package\" value=\"org.apache.cordova.networkinformation.NetworkManager\" /></feature>",
              "count": 1
            },
            {
              "xml": "<feature name=\"SplashScreen\"><param name=\"android-package\" value=\"org.apache.cordova.splashscreen.SplashScreen\" /><param name=\"onload\" value=\"true\" /></feature>",
              "count": 1
            },
            {
              "xml": "<feature name=\"StatusBar\"><param name=\"android-package\" value=\"org.apache.cordova.statusbar.StatusBar\" /><param name=\"onload\" value=\"true\" /></feature>",
              "count": 1
            },
            {
              "xml": "<feature name=\"CordovaStripe\"><param name=\"android-package\" value=\"com.zyramedia.cordova.stripe.CordovaStripe\" /></feature>",
              "count": 1
            },
            {
              "xml": "<feature name=\"Whitelist\"><param name=\"android-package\" value=\"org.apache.cordova.whitelist.WhitelistPlugin\" /><param name=\"onload\" value=\"true\" /></feature>",
              "count": 1
            },
            {
              "xml": "<feature name=\"SocialSharing\"><param name=\"android-package\" value=\"nl.xservices.plugins.SocialSharing\" /></feature>",
              "count": 1
            },
            {
              "xml": "<feature name=\"SQLitePlugin\"><param name=\"android-package\" value=\"io.sqlc.SQLitePlugin\" /></feature>",
              "count": 1
            },
            {
              "xml": "<feature name=\"LaunchNavigator\"><param name=\"android-package\" value=\"uk.co.workingedge.phonegap.plugin.LaunchNavigatorPlugin\" /></feature>",
              "count": 1
            }
          ],
          "/widget": [
            {
              "xml": "<feature name=\"FileChooser\"><param name=\"android-package\" value=\"com.megster.cordova.FileChooser\" /></feature>",
              "count": 1
            }
          ]
        }
      },
      "config.xml": {
        "parents": {
          "/*": [
            {
              "xml": "<feature name=\"Chooser\"><param name=\"android-package\" value=\"com.cyph.cordova.Chooser\" /></feature>",
              "count": 1
            },
            {
              "xml": "<feature name=\"CDVIonicKeyboard\"><param name=\"android-package\" onload=\"true\" value=\"io.ionic.keyboard.CDVIonicKeyboard\" /></feature>",
              "count": 1
            },
            {
              "xml": "<allow-navigation href=\"http://localhost/*\" />",
              "count": 1
            },
            {
              "xml": "<allow-navigation href=\"https://localhost/*\" />",
              "count": 1
            },
            {
              "xml": "<allow-navigation href=\"ionic://*\" />",
              "count": 1
            },
            {
              "xml": "<preference name=\"webView\" value=\"com.ionicframework.cordova.webview.IonicWebViewEngine\" />",
              "count": 1
            },
            {
              "xml": "<feature name=\"IonicWebView\"><param name=\"android-package\" value=\"com.ionicframework.cordova.webview.IonicWebView\" /></feature>",
              "count": 1
            },
            {
              "xml": "<feature name=\"Diagnostic\"><param name=\"android-package\" value=\"cordova.plugins.Diagnostic\" /><param name=\"onload\" value=\"true\" /></feature>",
              "count": 1
            },
            {
              "xml": "<feature name=\"Diagnostic_Location\"><param name=\"android-package\" value=\"cordova.plugins.Diagnostic_Location\" /><param name=\"onload\" value=\"true\" /></feature>",
              "count": 1
            },
            {
              "xml": "<feature name=\"Diagnostic_Bluetooth\"><param name=\"android-package\" value=\"cordova.plugins.Diagnostic_Bluetooth\" /><param name=\"onload\" value=\"true\" /></feature>",
              "count": 1
            },
            {
              "xml": "<feature name=\"Diagnostic_Wifi\"><param name=\"android-package\" value=\"cordova.plugins.Diagnostic_Wifi\" /><param name=\"onload\" value=\"true\" /></feature>",
              "count": 1
            },
            {
              "xml": "<feature name=\"Diagnostic_Camera\"><param name=\"android-package\" value=\"cordova.plugins.Diagnostic_Camera\" /><param name=\"onload\" value=\"true\" /></feature>",
              "count": 1
            },
            {
              "xml": "<feature name=\"Diagnostic_Notifications\"><param name=\"android-package\" value=\"cordova.plugins.Diagnostic_Notifications\" /><param name=\"onload\" value=\"true\" /></feature>",
              "count": 1
            },
            {
              "xml": "<feature name=\"Diagnostic_NFC\"><param name=\"android-package\" value=\"cordova.plugins.Diagnostic_NFC\" /><param name=\"onload\" value=\"true\" /></feature>",
              "count": 1
            },
            {
              "xml": "<feature name=\"Diagnostic_External_Storage\"><param name=\"android-package\" value=\"cordova.plugins.Diagnostic_External_Storage\" /><param name=\"onload\" value=\"true\" /></feature>",
              "count": 1
            }
          ]
        }
      }
    }
  },
  "installed_plugins": {
    "cordova-base64-to-gallery": {
      "PACKAGE_NAME": "com.watt.monk"
    },
    "cordova-plugin-actionsheet": {
      "PACKAGE_NAME": "com.watt.monk"
    },
    "cordova-plugin-add-swift-support": {
      "PACKAGE_NAME": "com.watt.monk"
    },
    "cordova-plugin-androidx-adapter": {
      "PACKAGE_NAME": "com.watt.monk"
    },
    "cordova-plugin-camera": {
      "ANDROID_SUPPORT_V4_VERSION": "27.+",
      "PACKAGE_NAME": "com.watt.monk"
    },
    "cordova-plugin-camera-preview": {
      "ANDROID_SUPPORT_LIBRARY_VERSION": "26+",
      "PACKAGE_NAME": "com.watt.monk"
    },
    "cordova-plugin-chooser": {
      "PACKAGE_NAME": "com.watt.monk"
    },
    "cordova-plugin-datepicker": {
      "PACKAGE_NAME": "com.watt.monk"
    },
    "cordova-plugin-device": {
      "PACKAGE_NAME": "com.watt.monk"
    },
    "cordova-plugin-dialogs": {
      "PACKAGE_NAME": "com.watt.monk"
    },
    "cordova-plugin-file": {
      "PACKAGE_NAME": "com.watt.monk"
    },
    "cordova-plugin-file-transfer": {
      "PACKAGE_NAME": "com.watt.monk"
    },
    "cordova-plugin-filechooser": {
      "PACKAGE_NAME": "com.watt.monk"
    },
    "cordova-plugin-filepicker": {
      "PACKAGE_NAME": "com.watt.monk"
    },
    "cordova-plugin-geolocation": {
      "PACKAGE_NAME": "com.watt.monk"
    },
    "cordova-plugin-inappbrowser": {
      "PACKAGE_NAME": "com.watt.monk"
    },
    "cordova-plugin-ionic-keyboard": {
      "PACKAGE_NAME": "com.watt.monk"
    },
    "cordova-plugin-ionic-webview": {
      "ANDROID_SUPPORT_ANNOTATIONS_VERSION": "27.+",
      "PACKAGE_NAME": "com.watt.monk"
    },
    "cordova-plugin-nativegeocoder": {
      "PACKAGE_NAME": "com.watt.monk"
    },
    "cordova-plugin-network-information": {
      "PACKAGE_NAME": "com.watt.monk"
    },
    "cordova-plugin-splashscreen": {
      "PACKAGE_NAME": "com.watt.monk"
    },
    "cordova-plugin-statusbar": {
      "PACKAGE_NAME": "com.watt.monk"
    },
    "cordova-plugin-stripe": {
      "PACKAGE_NAME": "com.watt.monk"
    },
    "cordova-plugin-whitelist": {
      "PACKAGE_NAME": "com.watt.monk"
    },
    "es6-promise-plugin": {
      "PACKAGE_NAME": "com.watt.monk"
    },
    "cordova-plugin-x-socialsharing": {
      "PACKAGE_NAME": "com.watt.monk"
    },
    "cordova-sqlite-storage": {
      "PACKAGE_NAME": "com.watt.monk"
    },
    "cordova.plugins.diagnostic": {
      "ANDROID_SUPPORT_VERSION": "28.+",
      "PACKAGE_NAME": "com.watt.monk"
    },
    "uk.co.workingedge.phonegap.plugin.launchnavigator": {
      "GOOGLE_API_KEY_FOR_ANDROID": "AIzaSyCePxz4wA_knfjvNBhV0RKzrySsf4o8QFU",
      "OKHTTP_VERSION": "3.12.0",
      "PACKAGE_NAME": "com.watt.monk"
    }
  },
  "dependent_plugins": {},
  "modules": [
    {
      "id": "cordova-base64-to-gallery.object.assign-polyfill",
      "file": "plugins/cordova-base64-to-gallery/www/object.assign-polyfill.js",
      "pluginId": "cordova-base64-to-gallery"
    },
    {
      "id": "cordova-base64-to-gallery.base64ToGallery",
      "file": "plugins/cordova-base64-to-gallery/www/base64ToGallery.js",
      "pluginId": "cordova-base64-to-gallery",
      "clobbers": [
        "cordova.base64ToGallery"
      ]
    },
    {
      "id": "cordova-plugin-actionsheet.ActionSheet",
      "file": "plugins/cordova-plugin-actionsheet/www/ActionSheet.js",
      "pluginId": "cordova-plugin-actionsheet",
      "clobbers": [
        "window.plugins.actionsheet"
      ]
    },
    {
      "id": "cordova-plugin-camera.Camera",
      "file": "plugins/cordova-plugin-camera/www/CameraConstants.js",
      "pluginId": "cordova-plugin-camera",
      "clobbers": [
        "Camera"
      ]
    },
    {
      "id": "cordova-plugin-camera.CameraPopoverOptions",
      "file": "plugins/cordova-plugin-camera/www/CameraPopoverOptions.js",
      "pluginId": "cordova-plugin-camera",
      "clobbers": [
        "CameraPopoverOptions"
      ]
    },
    {
      "id": "cordova-plugin-camera.camera",
      "file": "plugins/cordova-plugin-camera/www/Camera.js",
      "pluginId": "cordova-plugin-camera",
      "clobbers": [
        "navigator.camera"
      ]
    },
    {
      "id": "cordova-plugin-camera.CameraPopoverHandle",
      "file": "plugins/cordova-plugin-camera/www/CameraPopoverHandle.js",
      "pluginId": "cordova-plugin-camera",
      "clobbers": [
        "CameraPopoverHandle"
      ]
    },
    {
      "id": "cordova-plugin-camera-preview.CameraPreview",
      "file": "plugins/cordova-plugin-camera-preview/www/CameraPreview.js",
      "pluginId": "cordova-plugin-camera-preview",
      "clobbers": [
        "CameraPreview"
      ]
    },
    {
      "id": "cordova-plugin-chooser.Chooser",
      "file": "plugins/cordova-plugin-chooser/www/chooser.js",
      "pluginId": "cordova-plugin-chooser",
      "clobbers": [
        "chooser"
      ]
    },
    {
      "id": "cordova-plugin-datepicker.DatePicker",
      "file": "plugins/cordova-plugin-datepicker/www/android/DatePicker.js",
      "pluginId": "cordova-plugin-datepicker",
      "clobbers": [
        "datePicker"
      ]
    },
    {
      "id": "cordova-plugin-device.device",
      "file": "plugins/cordova-plugin-device/www/device.js",
      "pluginId": "cordova-plugin-device",
      "clobbers": [
        "device"
      ]
    },
    {
      "id": "cordova-plugin-dialogs.notification",
      "file": "plugins/cordova-plugin-dialogs/www/notification.js",
      "pluginId": "cordova-plugin-dialogs",
      "merges": [
        "navigator.notification"
      ]
    },
    {
      "id": "cordova-plugin-dialogs.notification_android",
      "file": "plugins/cordova-plugin-dialogs/www/android/notification.js",
      "pluginId": "cordova-plugin-dialogs",
      "merges": [
        "navigator.notification"
      ]
    },
    {
      "id": "cordova-plugin-file.DirectoryEntry",
      "file": "plugins/cordova-plugin-file/www/DirectoryEntry.js",
      "pluginId": "cordova-plugin-file",
      "clobbers": [
        "window.DirectoryEntry"
      ]
    },
    {
      "id": "cordova-plugin-file.DirectoryReader",
      "file": "plugins/cordova-plugin-file/www/DirectoryReader.js",
      "pluginId": "cordova-plugin-file",
      "clobbers": [
        "window.DirectoryReader"
      ]
    },
    {
      "id": "cordova-plugin-file.Entry",
      "file": "plugins/cordova-plugin-file/www/Entry.js",
      "pluginId": "cordova-plugin-file",
      "clobbers": [
        "window.Entry"
      ]
    },
    {
      "id": "cordova-plugin-file.File",
      "file": "plugins/cordova-plugin-file/www/File.js",
      "pluginId": "cordova-plugin-file",
      "clobbers": [
        "window.File"
      ]
    },
    {
      "id": "cordova-plugin-file.FileEntry",
      "file": "plugins/cordova-plugin-file/www/FileEntry.js",
      "pluginId": "cordova-plugin-file",
      "clobbers": [
        "window.FileEntry"
      ]
    },
    {
      "id": "cordova-plugin-file.FileError",
      "file": "plugins/cordova-plugin-file/www/FileError.js",
      "pluginId": "cordova-plugin-file",
      "clobbers": [
        "window.FileError"
      ]
    },
    {
      "id": "cordova-plugin-file.FileReader",
      "file": "plugins/cordova-plugin-file/www/FileReader.js",
      "pluginId": "cordova-plugin-file",
      "clobbers": [
        "window.FileReader"
      ]
    },
    {
      "id": "cordova-plugin-file.FileSystem",
      "file": "plugins/cordova-plugin-file/www/FileSystem.js",
      "pluginId": "cordova-plugin-file",
      "clobbers": [
        "window.FileSystem"
      ]
    },
    {
      "id": "cordova-plugin-file.FileUploadOptions",
      "file": "plugins/cordova-plugin-file/www/FileUploadOptions.js",
      "pluginId": "cordova-plugin-file",
      "clobbers": [
        "window.FileUploadOptions"
      ]
    },
    {
      "id": "cordova-plugin-file.FileUploadResult",
      "file": "plugins/cordova-plugin-file/www/FileUploadResult.js",
      "pluginId": "cordova-plugin-file",
      "clobbers": [
        "window.FileUploadResult"
      ]
    },
    {
      "id": "cordova-plugin-file.FileWriter",
      "file": "plugins/cordova-plugin-file/www/FileWriter.js",
      "pluginId": "cordova-plugin-file",
      "clobbers": [
        "window.FileWriter"
      ]
    },
    {
      "id": "cordova-plugin-file.Flags",
      "file": "plugins/cordova-plugin-file/www/Flags.js",
      "pluginId": "cordova-plugin-file",
      "clobbers": [
        "window.Flags"
      ]
    },
    {
      "id": "cordova-plugin-file.LocalFileSystem",
      "file": "plugins/cordova-plugin-file/www/LocalFileSystem.js",
      "pluginId": "cordova-plugin-file",
      "clobbers": [
        "window.LocalFileSystem"
      ],
      "merges": [
        "window"
      ]
    },
    {
      "id": "cordova-plugin-file.Metadata",
      "file": "plugins/cordova-plugin-file/www/Metadata.js",
      "pluginId": "cordova-plugin-file",
      "clobbers": [
        "window.Metadata"
      ]
    },
    {
      "id": "cordova-plugin-file.ProgressEvent",
      "file": "plugins/cordova-plugin-file/www/ProgressEvent.js",
      "pluginId": "cordova-plugin-file",
      "clobbers": [
        "window.ProgressEvent"
      ]
    },
    {
      "id": "cordova-plugin-file.fileSystems",
      "file": "plugins/cordova-plugin-file/www/fileSystems.js",
      "pluginId": "cordova-plugin-file"
    },
    {
      "id": "cordova-plugin-file.requestFileSystem",
      "file": "plugins/cordova-plugin-file/www/requestFileSystem.js",
      "pluginId": "cordova-plugin-file",
      "clobbers": [
        "window.requestFileSystem"
      ]
    },
    {
      "id": "cordova-plugin-file.resolveLocalFileSystemURI",
      "file": "plugins/cordova-plugin-file/www/resolveLocalFileSystemURI.js",
      "pluginId": "cordova-plugin-file",
      "merges": [
        "window"
      ]
    },
    {
      "id": "cordova-plugin-file.isChrome",
      "file": "plugins/cordova-plugin-file/www/browser/isChrome.js",
      "pluginId": "cordova-plugin-file",
      "runs": true
    },
    {
      "id": "cordova-plugin-file.androidFileSystem",
      "file": "plugins/cordova-plugin-file/www/android/FileSystem.js",
      "pluginId": "cordova-plugin-file",
      "merges": [
        "FileSystem"
      ]
    },
    {
      "id": "cordova-plugin-file.fileSystems-roots",
      "file": "plugins/cordova-plugin-file/www/fileSystems-roots.js",
      "pluginId": "cordova-plugin-file",
      "runs": true
    },
    {
      "id": "cordova-plugin-file.fileSystemPaths",
      "file": "plugins/cordova-plugin-file/www/fileSystemPaths.js",
      "pluginId": "cordova-plugin-file",
      "merges": [
        "cordova"
      ],
      "runs": true
    },
    {
      "id": "cordova-plugin-file-transfer.FileTransferError",
      "file": "plugins/cordova-plugin-file-transfer/www/FileTransferError.js",
      "pluginId": "cordova-plugin-file-transfer",
      "clobbers": [
        "window.FileTransferError"
      ]
    },
    {
      "id": "cordova-plugin-file-transfer.FileTransfer",
      "file": "plugins/cordova-plugin-file-transfer/www/FileTransfer.js",
      "pluginId": "cordova-plugin-file-transfer",
      "clobbers": [
        "window.FileTransfer"
      ]
    },
    {
      "id": "cordova-plugin-filechooser.FileChooser",
      "file": "plugins/cordova-plugin-filechooser/www/fileChooser.js",
      "pluginId": "cordova-plugin-filechooser",
      "clobbers": [
        "fileChooser"
      ]
    },
    {
      "id": "cordova-plugin-filepicker.FilePicker",
      "file": "plugins/cordova-plugin-filepicker/www/FilePicker.js",
      "pluginId": "cordova-plugin-filepicker",
      "clobbers": [
        "FilePicker"
      ]
    },
    {
      "id": "cordova-plugin-geolocation.geolocation",
      "file": "plugins/cordova-plugin-geolocation/www/android/geolocation.js",
      "pluginId": "cordova-plugin-geolocation",
      "clobbers": [
        "navigator.geolocation"
      ]
    },
    {
      "id": "cordova-plugin-geolocation.PositionError",
      "file": "plugins/cordova-plugin-geolocation/www/PositionError.js",
      "pluginId": "cordova-plugin-geolocation",
      "runs": true
    },
    {
      "id": "cordova-plugin-inappbrowser.inappbrowser",
      "file": "plugins/cordova-plugin-inappbrowser/www/inappbrowser.js",
      "pluginId": "cordova-plugin-inappbrowser",
      "clobbers": [
        "cordova.InAppBrowser.open",
        "window.open"
      ]
    },
    {
      "id": "cordova-plugin-ionic-keyboard.keyboard",
      "file": "plugins/cordova-plugin-ionic-keyboard/www/android/keyboard.js",
      "pluginId": "cordova-plugin-ionic-keyboard",
      "clobbers": [
        "window.Keyboard"
      ]
    },
    {
      "id": "cordova-plugin-ionic-webview.IonicWebView",
      "file": "plugins/cordova-plugin-ionic-webview/src/www/util.js",
      "pluginId": "cordova-plugin-ionic-webview",
      "clobbers": [
        "Ionic.WebView"
      ]
    },
    {
      "id": "cordova-plugin-nativegeocoder.NativeGeocoder",
      "file": "plugins/cordova-plugin-nativegeocoder/www/NativeGeocoder.js",
      "pluginId": "cordova-plugin-nativegeocoder",
      "clobbers": [
        "nativegeocoder"
      ]
    },
    {
      "id": "cordova-plugin-network-information.network",
      "file": "plugins/cordova-plugin-network-information/www/network.js",
      "pluginId": "cordova-plugin-network-information",
      "clobbers": [
        "navigator.connection",
        "navigator.network.connection"
      ]
    },
    {
      "id": "cordova-plugin-network-information.Connection",
      "file": "plugins/cordova-plugin-network-information/www/Connection.js",
      "pluginId": "cordova-plugin-network-information",
      "clobbers": [
        "Connection"
      ]
    },
    {
      "id": "cordova-plugin-splashscreen.SplashScreen",
      "file": "plugins/cordova-plugin-splashscreen/www/splashscreen.js",
      "pluginId": "cordova-plugin-splashscreen",
      "clobbers": [
        "navigator.splashscreen"
      ]
    },
    {
      "id": "cordova-plugin-statusbar.statusbar",
      "file": "plugins/cordova-plugin-statusbar/www/statusbar.js",
      "pluginId": "cordova-plugin-statusbar",
      "clobbers": [
        "window.StatusBar"
      ]
    },
    {
      "id": "cordova-plugin-stripe.stripe",
      "file": "plugins/cordova-plugin-stripe/www/CordovaStripe.js",
      "pluginId": "cordova-plugin-stripe",
      "clobbers": [
        "cordova.plugins.stripe"
      ]
    },
    {
      "id": "es6-promise-plugin.Promise",
      "file": "plugins/es6-promise-plugin/www/promise.js",
      "pluginId": "es6-promise-plugin",
      "runs": true
    },
    {
      "id": "cordova-plugin-x-socialsharing.SocialSharing",
      "file": "plugins/cordova-plugin-x-socialsharing/www/SocialSharing.js",
      "pluginId": "cordova-plugin-x-socialsharing",
      "clobbers": [
        "window.plugins.socialsharing"
      ]
    },
    {
      "id": "cordova-sqlite-storage.SQLitePlugin",
      "file": "plugins/cordova-sqlite-storage/www/SQLitePlugin.js",
      "pluginId": "cordova-sqlite-storage",
      "clobbers": [
        "SQLitePlugin"
      ]
    },
    {
      "id": "cordova.plugins.diagnostic.Diagnostic",
      "file": "plugins/cordova.plugins.diagnostic/www/android/diagnostic.js",
      "pluginId": "cordova.plugins.diagnostic",
      "merges": [
        "cordova.plugins.diagnostic"
      ]
    },
    {
      "id": "cordova.plugins.diagnostic.Diagnostic_Location",
      "file": "plugins/cordova.plugins.diagnostic/www/android/diagnostic.location.js",
      "pluginId": "cordova.plugins.diagnostic",
      "merges": [
        "cordova.plugins.diagnostic.location"
      ]
    },
    {
      "id": "cordova.plugins.diagnostic.Diagnostic_Bluetooth",
      "file": "plugins/cordova.plugins.diagnostic/www/android/diagnostic.bluetooth.js",
      "pluginId": "cordova.plugins.diagnostic",
      "merges": [
        "cordova.plugins.diagnostic.bluetooth"
      ]
    },
    {
      "id": "cordova.plugins.diagnostic.Diagnostic_Wifi",
      "file": "plugins/cordova.plugins.diagnostic/www/android/diagnostic.wifi.js",
      "pluginId": "cordova.plugins.diagnostic",
      "merges": [
        "cordova.plugins.diagnostic.wifi"
      ]
    },
    {
      "id": "cordova.plugins.diagnostic.Diagnostic_Camera",
      "file": "plugins/cordova.plugins.diagnostic/www/android/diagnostic.camera.js",
      "pluginId": "cordova.plugins.diagnostic",
      "merges": [
        "cordova.plugins.diagnostic.camera"
      ]
    },
    {
      "id": "cordova.plugins.diagnostic.Diagnostic_Notifications",
      "file": "plugins/cordova.plugins.diagnostic/www/android/diagnostic.notifications.js",
      "pluginId": "cordova.plugins.diagnostic",
      "merges": [
        "cordova.plugins.diagnostic.notifications"
      ]
    },
    {
      "id": "cordova.plugins.diagnostic.Diagnostic_Microphone",
      "file": "plugins/cordova.plugins.diagnostic/www/android/diagnostic.microphone.js",
      "pluginId": "cordova.plugins.diagnostic",
      "merges": [
        "cordova.plugins.diagnostic.microphone"
      ]
    },
    {
      "id": "cordova.plugins.diagnostic.Diagnostic_Contacts",
      "file": "plugins/cordova.plugins.diagnostic/www/android/diagnostic.contacts.js",
      "pluginId": "cordova.plugins.diagnostic",
      "merges": [
        "cordova.plugins.diagnostic.contacts"
      ]
    },
    {
      "id": "cordova.plugins.diagnostic.Diagnostic_Calendar",
      "file": "plugins/cordova.plugins.diagnostic/www/android/diagnostic.calendar.js",
      "pluginId": "cordova.plugins.diagnostic",
      "merges": [
        "cordova.plugins.diagnostic.calendar"
      ]
    },
    {
      "id": "cordova.plugins.diagnostic.Diagnostic_NFC",
      "file": "plugins/cordova.plugins.diagnostic/www/android/diagnostic.nfc.js",
      "pluginId": "cordova.plugins.diagnostic",
      "merges": [
        "cordova.plugins.diagnostic.nfc"
      ]
    },
    {
      "id": "cordova.plugins.diagnostic.Diagnostic_External_Storage",
      "file": "plugins/cordova.plugins.diagnostic/www/android/diagnostic.external_storage.js",
      "pluginId": "cordova.plugins.diagnostic",
      "merges": [
        "cordova.plugins.diagnostic.external_storage"
      ]
    },
    {
      "id": "uk.co.workingedge.phonegap.plugin.launchnavigator.Common",
      "file": "plugins/uk.co.workingedge.phonegap.plugin.launchnavigator/www/common.js",
      "pluginId": "uk.co.workingedge.phonegap.plugin.launchnavigator",
      "clobbers": [
        "launchnavigator"
      ]
    },
    {
      "id": "uk.co.workingedge.phonegap.plugin.launchnavigator.LocalForage",
      "file": "plugins/uk.co.workingedge.phonegap.plugin.launchnavigator/www/localforage.v1.5.0.min.js",
      "pluginId": "uk.co.workingedge.phonegap.plugin.launchnavigator",
      "clobbers": [
        "localforage"
      ]
    },
    {
      "id": "uk.co.workingedge.phonegap.plugin.launchnavigator.LaunchNavigator",
      "file": "plugins/uk.co.workingedge.phonegap.plugin.launchnavigator/www/android/launchnavigator.js",
      "pluginId": "uk.co.workingedge.phonegap.plugin.launchnavigator",
      "merges": [
        "launchnavigator"
      ]
    }
  ],
  "plugin_metadata": {
    "cordova-base64-to-gallery": "4.1.3",
    "cordova-plugin-actionsheet": "2.3.3",
    "cordova-plugin-add-swift-support": "2.0.2",
    "cordova-plugin-androidx-adapter": "1.1.1",
    "cordova-plugin-camera": "4.1.0",
    "cordova-plugin-camera-preview": "0.11.2",
    "cordova-plugin-chooser": "1.3.1",
    "cordova-plugin-datepicker": "0.9.3",
    "cordova-plugin-device": "2.0.3",
    "cordova-plugin-dialogs": "2.0.2",
    "cordova-plugin-file": "6.0.2",
    "cordova-plugin-file-transfer": "1.7.1",
    "cordova-plugin-filechooser": "1.2.0",
    "cordova-plugin-filepicker": "1.1.6",
    "cordova-plugin-geolocation": "4.0.2",
    "cordova-plugin-inappbrowser": "3.2.0",
    "cordova-plugin-ionic-keyboard": "2.2.0",
    "cordova-plugin-ionic-webview": "4.2.1",
    "cordova-plugin-nativegeocoder": "3.4.1",
    "cordova-plugin-network-information": "2.0.2",
    "cordova-plugin-splashscreen": "5.0.4",
    "cordova-plugin-statusbar": "2.4.3",
    "cordova-plugin-stripe": "1.5.3",
    "cordova-plugin-whitelist": "1.3.4",
    "es6-promise-plugin": "4.2.2",
    "cordova-plugin-x-socialsharing": "6.0.2",
    "cordova-sqlite-storage": "5.1.0",
    "cordova.plugins.diagnostic": "5.0.2",
    "uk.co.workingedge.phonegap.plugin.launchnavigator": "5.0.5"
  }
}
